Index,Label
0,artificial-intelligence
1,artificial-intelligence
2,artificial-intelligence
3,software-development
4,artificial-intelligence
5,artificial-intelligence
6,software-development
7,artificial-intelligence
8,artificial-intelligence
9,artificial-intelligence
10,artificial-intelligence
11,artificial-intelligence
12,artificial-intelligence
13,artificial-intelligence
14,artificial-intelligence
15,software-development
16,software-development
17,software-development
18,artificial-intelligence
19,software-development
20,software-development
21,software-development
22,artificial-intelligence
23,software-development
24,artificial-intelligence
25,artificial-intelligence
26,software-development
27,artificial-intelligence
28,artificial-intelligence
29,artificial-intelligence
30,artificial-intelligence
31,software-development
32,software-development
33,artificial-intelligence
34,software-development
35,artificial-intelligence
36,artificial-intelligence
37,artificial-intelligence
38,artificial-intelligence
39,artificial-intelligence
40,software-development
41,software-development
42,artificial-intelligence
43,artificial-intelligence
44,software-development
45,software-development
46,software-development
47,software-development
48,artificial-intelligence
49,artificial-intelligence
50,software-development
51,software-development
52,software-development
53,artificial-intelligence
54,software-development
55,software-development
56,software-development
57,artificial-intelligence
58,artificial-intelligence
59,software-development
60,artificial-intelligence
61,software-development
62,artificial-intelligence
63,artificial-intelligence
64,software-development
65,software-development
66,software-development
67,artificial-intelligence
68,software-development
69,software-development
70,artificial-intelligence
71,artificial-intelligence
72,software-development
73,software-development
74,artificial-intelligence
75,software-development
76,software-development
77,artificial-intelligence
78,artificial-intelligence
79,artificial-intelligence
80,software-development
81,software-development
82,artificial-intelligence
83,artificial-intelligence
84,software-development
85,software-development
86,artificial-intelligence
87,software-development
88,artificial-intelligence
89,software-development
90,software-development
91,software-development
92,software-development
93,artificial-intelligence
94,artificial-intelligence
95,software-development
96,artificial-intelligence
97,software-development
98,software-development
99,software-development
100,artificial-intelligence
101,artificial-intelligence
102,software-development
103,artificial-intelligence
104,software-development
105,artificial-intelligence
106,software-development
107,artificial-intelligence
108,artificial-intelligence
109,software-development
110,software-development
111,software-development
112,artificial-intelligence
113,software-development
114,artificial-intelligence
115,artificial-intelligence
116,software-development
117,artificial-intelligence
118,artificial-intelligence
119,artificial-intelligence
120,software-development
121,software-development
122,software-development
123,software-development
124,software-development
125,artificial-intelligence
126,artificial-intelligence
127,software-development
128,artificial-intelligence
129,artificial-intelligence
130,artificial-intelligence
131,software-development
132,software-development
133,software-development
134,software-development
135,software-development
136,artificial-intelligence
137,software-development
138,artificial-intelligence
139,artificial-intelligence
140,artificial-intelligence
141,artificial-intelligence
142,artificial-intelligence
143,software-development
144,artificial-intelligence
145,software-development
146,software-development
147,artificial-intelligence
148,software-development
149,artificial-intelligence
150,artificial-intelligence
151,software-development
152,software-development
153,software-development
154,software-development
155,artificial-intelligence
156,software-development
157,software-development
158,software-development
159,artificial-intelligence
160,artificial-intelligence
161,artificial-intelligence
162,artificial-intelligence
163,artificial-intelligence
164,artificial-intelligence
165,software-development
166,software-development
167,artificial-intelligence
168,software-development
169,artificial-intelligence
170,software-development
171,artificial-intelligence
172,artificial-intelligence
173,artificial-intelligence
174,artificial-intelligence
175,artificial-intelligence
176,software-development
177,software-development
178,artificial-intelligence
179,software-development
180,artificial-intelligence
181,artificial-intelligence
182,software-development
183,software-development
184,software-development
185,software-development
186,artificial-intelligence
187,software-development
188,software-development
189,software-development
190,software-development
191,artificial-intelligence
192,software-development
193,software-development
194,software-development
195,software-development
196,artificial-intelligence
197,software-development
198,software-development
199,software-development
200,software-development
201,software-development
202,software-development
203,artificial-intelligence
204,software-development
205,artificial-intelligence
206,artificial-intelligence
207,software-development
208,software-development
209,software-development
210,software-development
211,artificial-intelligence
212,software-development
213,software-development
214,software-development
215,software-development
216,software-development
217,software-development
218,artificial-intelligence
219,artificial-intelligence
220,software-development
221,software-development
222,artificial-intelligence
223,artificial-intelligence
224,software-development
225,software-development
226,software-development
227,software-development
228,artificial-intelligence
229,software-development
230,artificial-intelligence
231,artificial-intelligence
232,artificial-intelligence
233,artificial-intelligence
234,artificial-intelligence
235,artificial-intelligence
236,artificial-intelligence
237,artificial-intelligence
238,artificial-intelligence
239,artificial-intelligence
240,artificial-intelligence
241,artificial-intelligence
242,artificial-intelligence
243,ux
244,artificial-intelligence
245,software-development
246,artificial-intelligence
247,artificial-intelligence
248,software-development
249,software-development
250,artificial-intelligence
251,software-development
252,artificial-intelligence
253,artificial-intelligence
254,artificial-intelligence
255,artificial-intelligence
256,software-development
257,artificial-intelligence
258,artificial-intelligence
259,artificial-intelligence
260,software-development
261,software-development
262,software-development
263,artificial-intelligence
264,software-development
265,artificial-intelligence
266,software-development
267,artificial-intelligence
268,artificial-intelligence
269,software-development
270,software-development
271,artificial-intelligence
272,software-development
273,artificial-intelligence
274,software-development
275,artificial-intelligence
276,artificial-intelligence
277,artificial-intelligence
278,artificial-intelligence
279,software-development
280,artificial-intelligence
281,software-development
282,artificial-intelligence
283,artificial-intelligence
284,software-development
285,artificial-intelligence
286,software-development
287,artificial-intelligence
288,software-development
289,artificial-intelligence
290,artificial-intelligence
291,software-development
292,software-development
293,artificial-intelligence
294,artificial-intelligence
295,software-development
296,software-development
297,software-development
298,artificial-intelligence
299,artificial-intelligence
300,artificial-intelligence
301,software-development
302,software-development
303,software-development
304,artificial-intelligence
305,software-development
306,software-development
307,software-development
308,artificial-intelligence
309,artificial-intelligence
310,artificial-intelligence
311,artificial-intelligence
312,artificial-intelligence
313,software-development
314,artificial-intelligence
315,software-development
316,artificial-intelligence
317,artificial-intelligence
318,software-development
319,software-development
320,artificial-intelligence
321,software-development
322,artificial-intelligence
323,artificial-intelligence
324,software-development
325,artificial-intelligence
326,software-development
327,software-development
328,software-development
329,software-development
330,software-development
331,artificial-intelligence
332,artificial-intelligence
333,artificial-intelligence
334,software-development
335,artificial-intelligence
336,artificial-intelligence
337,artificial-intelligence
338,artificial-intelligence
339,artificial-intelligence
340,artificial-intelligence
341,software-development
342,artificial-intelligence
343,artificial-intelligence
344,software-development
345,artificial-intelligence
346,software-development
347,artificial-intelligence
348,software-development
349,artificial-intelligence
350,software-development
351,artificial-intelligence
352,software-development
353,artificial-intelligence
354,artificial-intelligence
355,artificial-intelligence
356,software-development
357,artificial-intelligence
358,artificial-intelligence
359,artificial-intelligence
360,software-development
361,software-development
362,software-development
363,artificial-intelligence
364,software-development
365,artificial-intelligence
366,artificial-intelligence
367,software-development
368,artificial-intelligence
369,software-development
370,software-development
371,artificial-intelligence
372,artificial-intelligence
373,artificial-intelligence
374,artificial-intelligence
375,artificial-intelligence
376,artificial-intelligence
377,software-development
378,artificial-intelligence
379,software-development
380,artificial-intelligence
381,software-development
382,software-development
383,artificial-intelligence
384,software-development
385,artificial-intelligence
386,software-development
387,artificial-intelligence
388,artificial-intelligence
389,artificial-intelligence
390,software-development
391,software-development
392,artificial-intelligence
393,artificial-intelligence
394,software-development
395,artificial-intelligence
396,software-development
397,software-development
398,software-development
399,artificial-intelligence
400,artificial-intelligence
401,artificial-intelligence
402,artificial-intelligence
403,software-development
404,artificial-intelligence
405,software-development
406,artificial-intelligence
407,software-development
408,software-development
409,software-development
410,artificial-intelligence
411,software-development
412,artificial-intelligence
413,artificial-intelligence
414,artificial-intelligence
415,artificial-intelligence
416,software-development
417,artificial-intelligence
418,software-development
419,artificial-intelligence
420,artificial-intelligence
421,artificial-intelligence
422,software-development
423,artificial-intelligence
424,software-development
425,artificial-intelligence
426,software-development
427,artificial-intelligence
428,software-development
429,software-development
430,artificial-intelligence
431,software-development
432,software-development
433,artificial-intelligence
434,software-development
435,artificial-intelligence
436,software-development
437,software-development
438,software-development
439,software-development
440,artificial-intelligence
441,software-development
442,artificial-intelligence
443,artificial-intelligence
444,artificial-intelligence
445,software-development
446,software-development
447,artificial-intelligence
448,software-development
449,software-development
450,artificial-intelligence
451,software-development
452,artificial-intelligence
453,artificial-intelligence
454,software-development
455,artificial-intelligence
456,artificial-intelligence
457,software-development
458,software-development
459,artificial-intelligence
460,software-development
461,artificial-intelligence
462,software-development
463,artificial-intelligence
464,software-development
465,software-development
466,artificial-intelligence
467,software-development
468,artificial-intelligence
469,artificial-intelligence
470,software-development
471,artificial-intelligence
472,artificial-intelligence
473,artificial-intelligence
474,software-development
475,artificial-intelligence
476,software-development
477,software-development
478,artificial-intelligence
479,artificial-intelligence
480,software-development
481,artificial-intelligence
482,software-development
483,artificial-intelligence
484,software-development
485,software-development
486,software-development
487,software-development
488,artificial-intelligence
489,artificial-intelligence
490,artificial-intelligence
491,artificial-intelligence
492,artificial-intelligence
493,software-development
494,software-development
495,software-development
496,software-development
497,artificial-intelligence
498,artificial-intelligence
499,software-development
500,artificial-intelligence
501,software-development
502,artificial-intelligence
503,software-development
504,software-development
505,software-development
506,software-development
507,software-development
508,artificial-intelligence
509,artificial-intelligence
510,software-development
511,artificial-intelligence
512,artificial-intelligence
513,software-development
514,software-development
515,software-development
516,artificial-intelligence
517,artificial-intelligence
518,artificial-intelligence
519,artificial-intelligence
520,artificial-intelligence
521,software-development
522,software-development
523,artificial-intelligence
524,artificial-intelligence
525,software-development
526,artificial-intelligence
527,artificial-intelligence
528,software-development
529,artificial-intelligence
530,artificial-intelligence
531,artificial-intelligence
532,artificial-intelligence
533,software-development
534,artificial-intelligence
535,software-development
536,artificial-intelligence
537,artificial-intelligence
538,artificial-intelligence
539,software-development
540,artificial-intelligence
541,artificial-intelligence
542,artificial-intelligence
543,artificial-intelligence
544,artificial-intelligence
545,artificial-intelligence
546,artificial-intelligence
547,software-development
548,artificial-intelligence
549,software-development
550,artificial-intelligence
551,artificial-intelligence
552,ux
553,artificial-intelligence
554,software-development
555,artificial-intelligence
556,artificial-intelligence
557,artificial-intelligence
558,artificial-intelligence
559,software-development
560,artificial-intelligence
561,software-development
562,software-development
563,artificial-intelligence
564,software-development
565,artificial-intelligence
566,artificial-intelligence
567,software-development
568,software-development
569,software-development
570,software-development
571,artificial-intelligence
572,software-development
573,software-development
574,artificial-intelligence
575,software-development
576,software-development
577,artificial-intelligence
578,software-development
579,software-development
580,software-development
581,artificial-intelligence
582,software-development
583,software-development
584,artificial-intelligence
585,artificial-intelligence
586,software-development
587,artificial-intelligence
588,software-development
589,artificial-intelligence
590,software-development
591,artificial-intelligence
592,software-development
593,software-development
594,artificial-intelligence
595,artificial-intelligence
596,software-development
597,software-development
598,software-development
599,artificial-intelligence
600,software-development
601,artificial-intelligence
602,software-development
603,artificial-intelligence
604,software-development
605,artificial-intelligence
606,software-development
607,software-development
608,software-development
609,software-development
610,software-development
611,artificial-intelligence
612,software-development
613,artificial-intelligence
614,artificial-intelligence
615,artificial-intelligence
616,software-development
617,software-development
618,artificial-intelligence
619,artificial-intelligence
620,software-development
621,artificial-intelligence
622,software-development
623,software-development
624,software-development
625,artificial-intelligence
626,software-development
627,artificial-intelligence
628,artificial-intelligence
629,artificial-intelligence
630,artificial-intelligence
631,artificial-intelligence
632,software-development
633,software-development
634,artificial-intelligence
635,artificial-intelligence
636,software-development
637,artificial-intelligence
638,artificial-intelligence
639,artificial-intelligence
640,software-development
641,software-development
642,artificial-intelligence
643,software-development
644,artificial-intelligence
645,software-development
646,software-development
647,software-development
648,software-development
649,software-development
650,artificial-intelligence
651,software-development
652,artificial-intelligence
653,artificial-intelligence
654,software-development
655,artificial-intelligence
656,software-development
657,software-development
658,software-development
659,software-development
660,software-development
661,artificial-intelligence
662,artificial-intelligence
663,artificial-intelligence
664,software-development
665,software-development
666,artificial-intelligence
667,artificial-intelligence
668,artificial-intelligence
669,software-development
670,artificial-intelligence
671,artificial-intelligence
672,software-development
673,artificial-intelligence
674,artificial-intelligence
675,artificial-intelligence
676,software-development
677,software-development
678,software-development
679,software-development
680,artificial-intelligence
681,software-development
682,software-development
683,artificial-intelligence
684,software-development
685,artificial-intelligence
686,artificial-intelligence
687,software-development
688,software-development
689,software-development
690,artificial-intelligence
691,software-development
692,software-development
693,artificial-intelligence
694,artificial-intelligence
695,artificial-intelligence
696,artificial-intelligence
697,software-development
698,software-development
699,software-development
700,artificial-intelligence
701,artificial-intelligence
702,software-development
703,artificial-intelligence
704,artificial-intelligence
705,software-development
706,artificial-intelligence
707,software-development
708,artificial-intelligence
709,software-development
710,artificial-intelligence
711,software-development
712,software-development
713,software-development
714,software-development
715,artificial-intelligence
716,software-development
717,artificial-intelligence
718,software-development
719,software-development
720,artificial-intelligence
721,artificial-intelligence
722,software-development
723,software-development
724,software-development
725,artificial-intelligence
726,software-development
727,software-development
728,artificial-intelligence
729,software-development
730,artificial-intelligence
731,artificial-intelligence
732,artificial-intelligence
733,artificial-intelligence
734,software-development
735,artificial-intelligence
736,software-development
737,artificial-intelligence
738,artificial-intelligence
739,software-development
740,artificial-intelligence
741,software-development
742,software-development
743,software-development
744,software-development
745,software-development
746,artificial-intelligence
747,software-development
748,artificial-intelligence
749,artificial-intelligence
750,software-development
751,software-development
752,artificial-intelligence
753,artificial-intelligence
754,artificial-intelligence
755,artificial-intelligence
756,artificial-intelligence
757,artificial-intelligence
758,software-development
759,software-development
760,software-development
761,artificial-intelligence
762,artificial-intelligence
763,software-development
764,artificial-intelligence
765,artificial-intelligence
766,artificial-intelligence
767,artificial-intelligence
768,software-development
769,software-development
770,artificial-intelligence
771,software-development
772,artificial-intelligence
773,software-development
774,software-development
775,software-development
776,artificial-intelligence
777,software-development
778,artificial-intelligence
779,artificial-intelligence
780,software-development
781,software-development
782,software-development
783,software-development
784,artificial-intelligence
785,software-development
786,artificial-intelligence
787,artificial-intelligence
788,artificial-intelligence
789,artificial-intelligence
790,software-development
791,artificial-intelligence
792,software-development
793,artificial-intelligence
794,artificial-intelligence
795,artificial-intelligence
796,software-development
797,artificial-intelligence
798,software-development
799,artificial-intelligence
800,software-development
801,software-development
802,artificial-intelligence
803,artificial-intelligence
804,artificial-intelligence
805,artificial-intelligence
806,software-development
807,software-development
808,software-development
809,artificial-intelligence
810,artificial-intelligence
811,software-development
812,software-development
813,software-development
814,artificial-intelligence
815,artificial-intelligence
816,artificial-intelligence
817,software-development
818,artificial-intelligence
819,software-development
820,software-development
821,artificial-intelligence
822,artificial-intelligence
823,artificial-intelligence
824,software-development
825,artificial-intelligence
826,artificial-intelligence
827,artificial-intelligence
828,software-development
829,artificial-intelligence
830,artificial-intelligence
831,artificial-intelligence
832,software-development
833,artificial-intelligence
834,software-development
835,software-development
836,software-development
837,software-development
838,artificial-intelligence
839,artificial-intelligence
840,software-development
841,artificial-intelligence
842,artificial-intelligence
843,artificial-intelligence
844,software-development
845,artificial-intelligence
846,artificial-intelligence
847,software-development
848,software-development
849,artificial-intelligence
850,software-development
851,artificial-intelligence
852,software-development
853,artificial-intelligence
854,artificial-intelligence
855,artificial-intelligence
856,software-development
857,software-development
858,software-development
859,artificial-intelligence
860,software-development
861,software-development
862,software-development
863,software-development
864,artificial-intelligence
865,software-development
866,artificial-intelligence
867,software-development
868,software-development
869,software-development
870,artificial-intelligence
871,software-development
872,artificial-intelligence
873,software-development
874,artificial-intelligence
875,artificial-intelligence
876,software-development
877,software-development
878,artificial-intelligence
879,artificial-intelligence
880,artificial-intelligence
881,software-development
882,artificial-intelligence
883,artificial-intelligence
884,artificial-intelligence
885,software-development
886,artificial-intelligence
887,artificial-intelligence
888,artificial-intelligence
889,software-development
890,software-development
891,software-development
892,artificial-intelligence
893,artificial-intelligence
894,artificial-intelligence
895,software-development
896,software-development
897,artificial-intelligence
898,artificial-intelligence
899,ux
900,software-development
901,software-development
902,software-development
903,artificial-intelligence
904,artificial-intelligence
905,software-development
906,artificial-intelligence
907,artificial-intelligence
908,artificial-intelligence
909,software-development
910,artificial-intelligence
911,artificial-intelligence
912,artificial-intelligence
913,software-development
914,artificial-intelligence
915,artificial-intelligence
916,software-development
917,software-development
918,artificial-intelligence
919,artificial-intelligence
920,software-development
921,artificial-intelligence
922,software-development
923,software-development
924,artificial-intelligence
925,artificial-intelligence
926,software-development
927,software-development
928,artificial-intelligence
929,software-development
930,artificial-intelligence
931,artificial-intelligence
932,software-development
933,software-development
934,artificial-intelligence
935,software-development
936,software-development
937,software-development
938,software-development
939,software-development
940,artificial-intelligence
941,software-development
942,artificial-intelligence
943,software-development
944,artificial-intelligence
945,artificial-intelligence
946,artificial-intelligence
947,artificial-intelligence
948,artificial-intelligence
949,artificial-intelligence
950,artificial-intelligence
951,software-development
952,software-development
953,artificial-intelligence
954,artificial-intelligence
955,artificial-intelligence
956,software-development
957,artificial-intelligence
958,artificial-intelligence
959,artificial-intelligence
960,software-development
961,software-development
962,software-development
963,software-development
964,software-development
965,software-development
966,artificial-intelligence
967,artificial-intelligence
968,software-development
969,software-development
970,artificial-intelligence
971,artificial-intelligence
972,artificial-intelligence
973,artificial-intelligence
974,artificial-intelligence
975,artificial-intelligence
976,artificial-intelligence
977,software-development
978,artificial-intelligence
979,artificial-intelligence
980,artificial-intelligence
981,artificial-intelligence
982,artificial-intelligence
983,artificial-intelligence
984,artificial-intelligence
985,ux
986,software-development
987,artificial-intelligence
988,artificial-intelligence
989,artificial-intelligence
990,software-development
991,artificial-intelligence
992,artificial-intelligence
993,artificial-intelligence
994,artificial-intelligence
995,software-development
996,artificial-intelligence
997,artificial-intelligence
998,artificial-intelligence
999,software-development
1000,artificial-intelligence
1001,artificial-intelligence
1002,artificial-intelligence
1003,software-development
1004,artificial-intelligence
1005,software-development
1006,software-development
1007,software-development
1008,software-development
1009,software-development
1010,software-development
1011,software-development
1012,artificial-intelligence
1013,artificial-intelligence
1014,software-development
1015,artificial-intelligence
1016,artificial-intelligence
1017,artificial-intelligence
1018,software-development
1019,artificial-intelligence
1020,artificial-intelligence
1021,artificial-intelligence
1022,artificial-intelligence
1023,artificial-intelligence
1024,software-development
1025,artificial-intelligence
1026,artificial-intelligence
1027,artificial-intelligence
1028,software-development
1029,software-development
1030,artificial-intelligence
1031,artificial-intelligence
1032,software-development
1033,software-development
1034,artificial-intelligence
1035,software-development
1036,software-development
1037,software-development
1038,software-development
1039,software-development
1040,software-development
1041,software-development
1042,software-development
1043,artificial-intelligence
1044,artificial-intelligence
1045,software-development
1046,artificial-intelligence
1047,software-development
1048,software-development
1049,software-development
1050,software-development
1051,software-development
1052,artificial-intelligence
1053,software-development
1054,artificial-intelligence
1055,artificial-intelligence
1056,artificial-intelligence
1057,software-development
1058,artificial-intelligence
1059,software-development
1060,software-development
1061,software-development
1062,artificial-intelligence
1063,software-development
1064,software-development
1065,software-development
1066,artificial-intelligence
1067,artificial-intelligence
1068,artificial-intelligence
1069,artificial-intelligence
1070,software-development
1071,artificial-intelligence
1072,software-development
1073,software-development
1074,artificial-intelligence
1075,software-development
1076,artificial-intelligence
1077,artificial-intelligence
1078,artificial-intelligence
1079,artificial-intelligence
1080,artificial-intelligence
1081,software-development
1082,artificial-intelligence
1083,artificial-intelligence
1084,artificial-intelligence
1085,software-development
1086,artificial-intelligence
1087,artificial-intelligence
1088,artificial-intelligence
1089,software-development
1090,artificial-intelligence
1091,artificial-intelligence
1092,artificial-intelligence
1093,software-development
1094,software-development
1095,software-development
1096,artificial-intelligence
1097,artificial-intelligence
1098,software-development
1099,software-development
1100,artificial-intelligence
1101,artificial-intelligence
1102,software-development
1103,artificial-intelligence
1104,artificial-intelligence
1105,software-development
1106,software-development
1107,software-development
1108,artificial-intelligence
1109,software-development
1110,artificial-intelligence
1111,software-development
1112,software-development
1113,software-development
1114,artificial-intelligence
1115,software-development
1116,software-development
1117,artificial-intelligence
1118,software-development
1119,software-development
1120,software-development
1121,artificial-intelligence
1122,artificial-intelligence
1123,software-development
1124,artificial-intelligence
1125,software-development
1126,artificial-intelligence
1127,artificial-intelligence
1128,artificial-intelligence
1129,artificial-intelligence
1130,artificial-intelligence
1131,software-development
1132,software-development
1133,artificial-intelligence
1134,artificial-intelligence
1135,software-development
1136,artificial-intelligence
1137,artificial-intelligence
1138,software-development
1139,artificial-intelligence
1140,software-development
1141,software-development
1142,artificial-intelligence
1143,software-development
1144,software-development
1145,software-development
1146,artificial-intelligence
1147,artificial-intelligence
1148,artificial-intelligence
1149,software-development
1150,artificial-intelligence
1151,artificial-intelligence
1152,artificial-intelligence
1153,software-development
1154,artificial-intelligence
1155,artificial-intelligence
1156,software-development
1157,software-development
1158,artificial-intelligence
1159,software-development
1160,software-development
1161,artificial-intelligence
1162,artificial-intelligence
1163,software-development
1164,artificial-intelligence
1165,artificial-intelligence
1166,software-development
1167,artificial-intelligence
1168,software-development
1169,software-development
1170,artificial-intelligence
1171,artificial-intelligence
1172,software-development
1173,artificial-intelligence
1174,artificial-intelligence
1175,artificial-intelligence
1176,artificial-intelligence
1177,artificial-intelligence
1178,software-development
1179,software-development
1180,software-development
1181,artificial-intelligence
1182,artificial-intelligence
1183,artificial-intelligence
1184,software-development
1185,artificial-intelligence
1186,software-development
1187,artificial-intelligence
1188,software-development
1189,software-development
1190,artificial-intelligence
1191,artificial-intelligence
1192,software-development
1193,artificial-intelligence
1194,artificial-intelligence
1195,artificial-intelligence
1196,software-development
1197,software-development
1198,software-development
1199,software-development
1200,software-development
1201,software-development
1202,artificial-intelligence
1203,software-development
1204,software-development
1205,software-development
1206,software-development
1207,software-development
1208,software-development
1209,artificial-intelligence
1210,software-development
1211,software-development
1212,artificial-intelligence
1213,artificial-intelligence
1214,software-development
1215,artificial-intelligence
1216,software-development
1217,software-development
1218,software-development
1219,software-development
1220,software-development
1221,artificial-intelligence
1222,artificial-intelligence
1223,artificial-intelligence
1224,artificial-intelligence
1225,software-development
1226,software-development
1227,software-development
1228,artificial-intelligence
1229,artificial-intelligence
1230,artificial-intelligence
1231,artificial-intelligence
1232,software-development
1233,artificial-intelligence
1234,software-development
1235,artificial-intelligence
1236,software-development
1237,artificial-intelligence
1238,artificial-intelligence
1239,artificial-intelligence
1240,software-development
1241,artificial-intelligence
1242,artificial-intelligence
1243,software-development
1244,artificial-intelligence
1245,artificial-intelligence
1246,artificial-intelligence
1247,software-development
1248,software-development
1249,software-development
1250,artificial-intelligence
1251,artificial-intelligence
1252,artificial-intelligence
1253,artificial-intelligence
1254,software-development
1255,artificial-intelligence
1256,software-development
1257,software-development
1258,artificial-intelligence
1259,software-development
1260,artificial-intelligence
1261,artificial-intelligence
1262,software-development
1263,software-development
1264,artificial-intelligence
1265,artificial-intelligence
1266,artificial-intelligence
1267,artificial-intelligence
1268,artificial-intelligence
1269,artificial-intelligence
1270,software-development
1271,artificial-intelligence
1272,artificial-intelligence
1273,artificial-intelligence
1274,software-development
1275,artificial-intelligence
1276,software-development
1277,artificial-intelligence
1278,software-development
1279,artificial-intelligence
1280,software-development
1281,artificial-intelligence
1282,software-development
1283,artificial-intelligence
1284,artificial-intelligence
1285,artificial-intelligence
1286,artificial-intelligence
1287,artificial-intelligence
1288,artificial-intelligence
1289,software-development
1290,software-development
1291,artificial-intelligence
1292,artificial-intelligence
1293,software-development
1294,artificial-intelligence
1295,artificial-intelligence
1296,software-development
1297,artificial-intelligence
1298,software-development
1299,artificial-intelligence
1300,artificial-intelligence
1301,artificial-intelligence
1302,software-development
1303,software-development
1304,artificial-intelligence
1305,artificial-intelligence
1306,software-development
1307,artificial-intelligence
1308,artificial-intelligence
1309,artificial-intelligence
1310,artificial-intelligence
1311,artificial-intelligence
1312,software-development
1313,artificial-intelligence
1314,software-development
1315,software-development
1316,artificial-intelligence
1317,software-development
1318,artificial-intelligence
1319,artificial-intelligence
1320,software-development
1321,software-development
1322,software-development
1323,software-development
1324,artificial-intelligence
1325,artificial-intelligence
1326,software-development
1327,software-development
1328,software-development
1329,software-development
1330,artificial-intelligence
1331,artificial-intelligence
1332,artificial-intelligence
1333,artificial-intelligence
1334,software-development
1335,software-development
1336,artificial-intelligence
1337,software-development
1338,software-development
1339,software-development
1340,software-development
1341,software-development
1342,artificial-intelligence
1343,software-development
1344,software-development
1345,artificial-intelligence
1346,artificial-intelligence
1347,artificial-intelligence
1348,artificial-intelligence
1349,software-development
1350,artificial-intelligence
1351,software-development
1352,artificial-intelligence
1353,software-development
1354,artificial-intelligence
1355,software-development
1356,software-development
1357,artificial-intelligence
1358,software-development
1359,artificial-intelligence
1360,software-development
1361,software-development
1362,software-development
1363,artificial-intelligence
1364,software-development
1365,software-development
1366,software-development
1367,software-development
1368,artificial-intelligence
1369,software-development
1370,artificial-intelligence
1371,artificial-intelligence
1372,software-development
1373,software-development
1374,software-development
1375,artificial-intelligence
1376,artificial-intelligence
1377,artificial-intelligence
1378,software-development
1379,software-development
1380,software-development
1381,software-development
1382,software-development
1383,artificial-intelligence
1384,artificial-intelligence
1385,artificial-intelligence
